procesos,repeticion,segundos,candidatas
1,1,0.81717897,1048576
2,1,0.602740745,1048576
3,1,0.580707351,1048576
4,1,0.375598128,1048576
4,2,0.391319715,1048576
3,2,0.62088358,1048576
2,2,0.63819729,1048576
1,2,1.159431161,1048576
1,3,1.160303531,1048576
2,3,0.471559397,1048576
3,3,0.565751353,1048576
4,3,0.360044435,1048576
4,4,0.352587601,1048576
3,4,0.597680058,1048576
2,4,0.569206978,1048576
1,4,1.095423021,1048576
1,5,1.193236577,1048576
2,5,0.539758877,1048576
3,5,0.608435931,1048576
4,5,0.399767174,1048576
